id,email,rent
1,jambrus0@i2i.jp,803
2,hglencros1@unc.edu,545
3,hwinney2@barnesandnoble.com,1044
4,gmadgwick3@google.com.au,534
5,garntzen4@google.com.hk,1014
6,hdepka5@nih.gov,1057
7,amccoy6@dell.com,742
8,lheinzler7@patch.com,793
9,bdrayson8@cdc.gov,918
10,ebartak9@plala.or.jp,981
11,gverginea@tiny.cc,899
12,brigardb@sourceforge.net,1041
13,ccroughanc@npr.org,517
14,sspradbrowd@github.io,581
15,gvaughane@indiatimes.com,565
16,osketf@nhs.uk,949
17,mgreenlyg@tripod.com,578
18,nculchethh@mac.com,917
19,aseckingtoni@icio.us,597
20,kslyvesterj@economist.com,677
21,ddanbyek@alibaba.com,712
22,rbernardeschil@hp.com,471
23,awillmorem@networkadvertising.org,546
24,gpopplen@ftc.gov,693
25,gsaleso@nbcnews.com,518
26,bshewsmithp@time.com,1060
27,mduffq@bizjournals.com,888
28,kmarklr@godaddy.com,542
29,battons@nbcnews.com,900
30,fcornelissent@geocities.com,669
31,egothardu@slate.com,745
32,dlimbertv@digg.com,758
33,clonderw@purevolume.com,483
34,rlessliex@thetimes.co.uk,547
35,tmuschettey@imageshack.us,647
36,lmiddasz@plala.or.jp,1011
37,pbinch10@mail.ru,527
38,bdegue11@artisteer.com,1019
39,sgiacovetti12@goodreads.com,556
40,ccasaroli13@livejournal.com,1083
41,spoter14@fotki.com,642
42,ndanniell15@cafepress.com,958
43,tmargaritelli16@newyorker.com,742
44,gbert17@addthis.com,1047
45,rellam18@stanford.edu,502
46,abruckshaw19@opensource.org,496
47,sghidoli1a@devhub.com,888
48,ddwight1b@cdc.gov,1023
49,sbriamo1c@so-net.ne.jp,562
50,cdregan1d@loc.gov,760
51,rskinley1e@sitemeter.com,493
52,cjuszczyk1f@linkedin.com,573
53,mwisby1g@youtube.com,512
54,ahedylstone1h@shinystat.com,680
55,dpink1i@cbsnews.com,608
56,lvolet1j@illinois.edu,1056
57,tbaigent1k@huffingtonpost.com,917
58,ccoster1l@ehow.com,479
59,aduce1m@jigsy.com,662
60,cvoelker1n@ocn.ne.jp,468
61,aelner1o@scribd.com,1083
62,scarous1p@bbc.co.uk,491
63,bpaprotny1q@unc.edu,583
64,sdomico1r@google.ru,526
65,syakovlev1s@symantec.com,517
66,kbezemer1t@springer.com,872
67,dflinn1u@imageshack.us,780
68,pboxen1v@cafepress.com,678
69,ebest1w@opensource.org,598
70,rdelia1x@theatlantic.com,450
71,tmcwhin1y@privacy.gov.au,523
72,hguslon1z@hexun.com,703
73,hong20@w3.org,794
74,aumbers21@noaa.gov,724
75,dkock22@google.com,664
76,owrightam23@chronoengine.com,592
77,vpinnick24@sun.com,771
78,iespinoza25@mysql.com,898
79,ohaversum26@webnode.com,883
80,gtuxell27@g.co,752
81,bmeron28@4shared.com,1053
82,ahamer29@abc.net.au,986
83,wemlin2a@hostgator.com,616
84,amcilwaine2b@mashable.com,692
85,lpedden2c@fema.gov,659
86,rstudd2d@hud.gov,794
87,rwhyard2e@apache.org,834
88,ngregoretti2f@twitter.com,661
89,esproat2g@1688.com,878
90,yropars2h@java.com,476
91,egarmons2i@nsw.gov.au,615
92,tcagan2j@hhs.gov,594
93,boleszkiewicz2k@drupal.org,731
94,vroussell2l@timesonline.co.uk,610
95,rrosling2m@plala.or.jp,928
96,sknappe2n@hao123.com,602
97,kleale2o@pcworld.com,1100
98,coades2p@weebly.com,935
99,wheining2q@spotify.com,566
100,nwoodus2r@whitehouse.gov,528
101,amessage2s@icq.com,684
102,chuggard2t@techcrunch.com,858
103,bklima2u@smh.com.au,852
104,acornilleau2v@youku.com,776
105,lbrownsett2w@msn.com,608
106,kmeir2x@hostgator.com,652
107,ctatam2y@mysql.com,1060
108,shanlin2z@state.tx.us,879
109,bvanichkin30@yelp.com,540
110,mfoort31@bbc.co.uk,1068
111,tlimbrick32@harvard.edu,845
112,amckeveney33@reddit.com,750
113,dovesen34@cornell.edu,716
114,cperris35@gmpg.org,939
115,emoffat36@columbia.edu,618
116,mdiament37@cmu.edu,807
117,ibrikner38@tripod.com,556
118,rdivall39@fotki.com,884
119,egiblin3a@hhs.gov,918
120,ggotfrey3b@ted.com,871
121,ahatter3c@clickbank.net,558
122,rlumly3d@privacy.gov.au,651
123,rkirkam3e@1688.com,542
124,ngabbot3f@ed.gov,511
125,mfrensch3g@over-blog.com,842
126,vdillingham3h@123-reg.co.uk,527
127,edancer3i@rakuten.co.jp,568
128,khaney3j@archive.org,958
129,caspel3k@discuz.net,594
130,ssinnie3l@etsy.com,793
131,cbrideau3m@elegantthemes.com,723
132,ltitterell3n@google.pl,997
133,emckechnie3o@typepad.com,659
134,lringwood3p@github.com,529
135,dlarenson3q@ucoz.com,961
136,hniece3r@ask.com,740
137,foheaney3s@dailymotion.com,537
138,lswires3t@wikipedia.org,863
139,gbisacre3u@mozilla.org,912
140,hvasilchikov3v@hostgator.com,528
141,sfoxworthy3w@multiply.com,1026
142,cwightman3x@sourceforge.net,691
143,asteger3y@spiegel.de,553
144,mholtom3z@pagesperso-orange.fr,752
145,hiacovides40@fema.gov,682
146,ahartell41@sina.com.cn,930
147,aferrier42@posterous.com,542
148,hheathfield43@mtv.com,824
149,bchaffen44@independent.co.uk,658
150,eboddam45@meetup.com,1090
151,itoomey46@sphinn.com,963
152,rdemendoza47@blog.com,1056
153,jpunchard48@adobe.com,494
154,akroch49@usa.gov,1022
155,sbergeau4a@wikispaces.com,1069
156,ekeats4b@friendfeed.com,634
157,acarden4c@devhub.com,922
158,cdovermann4d@dmoz.org,1021
159,tlampart4e@diigo.com,1046
160,creef4f@wired.com,1071
161,oboynes4g@washingtonpost.com,489
162,smerrigan4h@unicef.org,885
163,olulham4i@marriott.com,560
164,dcromer4j@zdnet.com,733
165,jfuke4k@xrea.com,612
166,asimonsson4l@fema.gov,515
167,dalenichicov4m@dedecms.com,1075
168,dgare4n@about.me,917
169,ckettlesing4o@google.cn,1069
170,cipplett4p@angelfire.com,915
171,odurman4q@twitpic.com,904
172,phuckerbe4r@kickstarter.com,1044
173,eparmer4s@icq.com,555
174,prolley4t@rediff.com,490
175,tmcfayden4u@freewebs.com,771
176,blude4v@etsy.com,1090
177,mfurber4w@gizmodo.com,1020
178,ainskipp4x@tuttocitta.it,956
179,gubanks4y@artisteer.com,486
180,blovegrove4z@paypal.com,484
181,kcurry50@indiegogo.com,601
182,afoxen51@springer.com,925
183,rhouldey52@jalbum.net,984
184,goriordan53@abc.net.au,963
185,gmacdowall54@sakura.ne.jp,1054
186,snatt55@nps.gov,1013
187,eputley56@behance.net,963
188,nseint57@rakuten.co.jp,646
189,twharlton58@cafepress.com,946
190,psidary59@hao123.com,468
191,ayo5a@blogs.com,570
192,bpalffrey5b@tinyurl.com,876
193,btamas5c@tiny.cc,706
194,lrisbie5d@yahoo.co.jp,958
195,mclements5e@pbs.org,1089
196,mflatte5f@geocities.jp,669
197,uphilippson5g@illinois.edu,972
198,nbales5h@nymag.com,908
199,cdetheridge5i@nature.com,918
200,cadlem5j@eepurl.com,639
201,jdible5k@abc.net.au,923
202,pwiltshear5l@macromedia.com,474
203,sselburn5m@phpbb.com,770
204,oleah5n@opera.com,714
205,mmurdie5o@elegantthemes.com,815
206,gbrockett5p@scientificamerican.com,620
207,mdeacock5q@cloudflare.com,1020
208,rastupenas5r@independent.co.uk,496
209,mgrime5s@utexas.edu,539
210,edorey5t@jigsy.com,460
211,nmatuszewski5u@miitbeian.gov.cn,861
212,rfilgate5v@omniture.com,881
213,aladdle5w@shareasale.com,1047
214,bhorrell5x@cisco.com,489
215,jdrewe5y@state.tx.us,786
216,acattonnet5z@ed.gov,705
217,lantonsson60@shop-pro.jp,586
218,asalsbury61@google.de,1088
219,tbrownrigg62@woothemes.com,572
220,ibresner63@miitbeian.gov.cn,892
221,jelward64@behance.net,1038
222,aissacof65@google.co.uk,756
223,dguisby66@rediff.com,995
224,sgasson67@wikispaces.com,492
225,foclovan68@mit.edu,652
226,aprout69@addthis.com,607
227,dcossum6a@shareasale.com,793
228,kjoriot6b@imgur.com,886
229,kblundell6c@pcworld.com,611
230,tdrohane6d@reverbnation.com,913
231,tdupre6e@de.vu,931
232,kscamerden6f@microsoft.com,1082
233,wdooman6g@moonfruit.com,889
234,aganderton6h@nytimes.com,561
235,esambals6i@lulu.com,973
236,jgabotti6j@jiathis.com,921
237,mdochon6k@hatena.ne.jp,1067
238,dwharin6l@pinterest.com,667
239,erumney6m@dot.gov,986
240,lhawkyens6n@purevolume.com,888
241,lgirke6o@livejournal.com,773
242,mmarrion6p@istockphoto.com,739
243,cmiko6q@tuttocitta.it,815
244,binmett6r@sakura.ne.jp,1075
245,gjerrome6s@odnoklassniki.ru,893
246,nniche6t@biblegateway.com,942
247,aforstall6u@ox.ac.uk,867
248,jrodell6v@weibo.com,1017
249,mscaife6w@jimdo.com,487
250,lspurrier6x@gmpg.org,1096
251,jschechter6y@mit.edu,1051
252,galdham6z@facebook.com,1053
253,mtunnadine70@slashdot.org,582
254,ajarlmann71@lycos.com,955
255,tigglesden72@dagondesign.com,742
256,tkerfod73@phoca.cz,825
257,sjaulme74@creativecommons.org,979
258,jkonerding75@wix.com,1069
259,sdarcy76@arstechnica.com,803
260,etsar77@boston.com,528
261,tinglefield78@jigsy.com,1009
262,adenslow79@youku.com,850
263,gmora7a@t-online.de,568
264,cbraddon7b@comsenz.com,1056
265,phartburn7c@nationalgeographic.com,1074
266,dmcomish7d@businesswire.com,724
267,dgoggen7e@ifeng.com,1015
268,abrouwer7f@goodreads.com,913
269,njeacock7g@privacy.gov.au,624
270,rverni7h@baidu.com,1041
271,jimlen7i@wiley.com,749
272,ekorpal7j@ebay.co.uk,721
273,jbaldelli7k@senate.gov,494
274,rbeedom7l@telegraph.co.uk,850
275,lcarlill7m@weather.com,513
276,gjoutapaitis7n@state.tx.us,575
277,wcumming7o@paginegialle.it,949
278,jjankovsky7p@hud.gov,728
279,mdavidek7q@gov.uk,768
280,mhilhouse7r@arstechnica.com,710
281,gsemple7s@php.net,1033
282,fhumphery7t@mozilla.com,587
283,mlapslie7u@ucoz.ru,498
284,ddukesbury7v@ed.gov,685
285,smacpeice7w@wunderground.com,1002
286,acadwallader7x@hatena.ne.jp,1059
287,celmore7y@paypal.com,897
288,dspadari7z@statcounter.com,540
289,tprior80@admin.ch,1088
290,soleary81@jimdo.com,583
291,kbracci82@shareasale.com,493
292,hstot83@altervista.org,838
293,opercifer84@arizona.edu,477
294,gcomrie85@mozilla.com,542
295,sosullivan86@webnode.com,923
296,mszymanowski87@nytimes.com,553
297,hcribbins88@weebly.com,678
298,mminichi89@list-manage.com,862
299,mdenziloe8a@youtu.be,692
300,cbassford8b@cloudflare.com,653
301,dgass8c@altervista.org,893
302,rbendelow8d@chicagotribune.com,985
303,pburras8e@examiner.com,878
304,eokelly8f@shinystat.com,1034
305,santoons8g@dedecms.com,517
306,krabier8h@de.vu,487
307,schinnock8i@fastcompany.com,551
308,jmackee8j@yellowpages.com,620
309,pgomersall8k@cbslocal.com,775
310,gyarnell8l@cocolog-nifty.com,459
311,jlockney8m@pcworld.com,928
312,lkynsey8n@goo.ne.jp,1012
313,vtoohey8o@wiley.com,760
314,adaunay8p@simplemachines.org,493
315,lglowacki8q@merriam-webster.com,734
316,agobert8r@ifeng.com,530
317,bgreeson8s@storify.com,477
318,ltwelftree8t@icq.com,760
319,edunk8u@theguardian.com,1087
320,rfilppetti8v@ning.com,902
321,rjardin8w@microsoft.com,1042
322,psellick8x@uol.com.br,453
323,gcoverley8y@cpanel.net,777
324,mjirus8z@drupal.org,1099
325,amergue90@adobe.com,942
326,azorzenoni91@godaddy.com,1006
327,ljerrome92@yale.edu,821
328,lchildren93@paginegialle.it,534
329,cchiverton94@canalblog.com,901
330,ccoffelt95@tuttocitta.it,543
331,tinchley96@imgur.com,977
332,fgue97@irs.gov,643
333,rdrysdale98@vimeo.com,689
334,lbitcheno99@answers.com,865
335,ddivine9a@pinterest.com,950
336,sgreenlees9b@phpbb.com,1100
337,mordish9c@paginegialle.it,905
338,jhatchard9d@theatlantic.com,487
339,kbreeder9e@ucsd.edu,637
340,wlordon9f@edublogs.org,1055
341,gcraxford9g@unblog.fr,953
342,drowney9h@dion.ne.jp,653
343,cwison9i@imgur.com,779
344,ltalkington9j@i2i.jp,1025
345,amisselbrook9k@slideshare.net,460
346,kskudder9l@51.la,962
347,wgillbee9m@de.vu,753
348,jkubasek9n@economist.com,878
349,asixsmith9o@ox.ac.uk,690
350,ashackle9p@timesonline.co.uk,702
351,ccowe9q@netlog.com,888
352,vmaccaughen9r@shutterfly.com,1039
353,aephgrave9s@printfriendly.com,1084
354,ailey9t@google.com.br,924
355,kcrabb9u@adobe.com,739
356,dwestlake9v@homestead.com,760
357,jbiagini9w@adobe.com,492
358,ccambell9x@squidoo.com,619
359,uslinn9y@addthis.com,770
360,jcooke9z@4shared.com,837
361,dthreddera0@amazon.co.jp,685
362,acheesmana1@telegraph.co.uk,718
363,lsisnerosa2@google.de,631
364,cklausena3@google.com,644
365,dlerigoa4@biblegateway.com,619
366,ocliburna5@cbslocal.com,862
367,klachaizea6@printfriendly.com,576
368,gleggetta7@discuz.net,1065
369,wkmicickia8@berkeley.edu,789
370,gsmallwooda9@princeton.edu,636
371,tkleinmintzaa@aboutads.info,662
372,rpurdyab@baidu.com,458
373,tjackwaysac@eventbrite.com,714
374,ajollandsad@vinaora.com,506
375,aboldisonae@walmart.com,669
376,kchittemaf@msu.edu,949
377,pwinterbourneag@opera.com,987
378,vprestah@samsung.com,1095
379,cmcclenanai@cbsnews.com,788
380,skarpenyaaj@unc.edu,472
381,fbagnalak@mtv.com,1069
382,bsawdenal@wikia.com,811
383,mrigebyam@ovh.net,664
384,rthewan@bigcartel.com,845
385,aspauntonao@nature.com,703
386,kfyfieldap@digg.com,727
387,lchicottiaq@mit.edu,834
388,ppaganar@squidoo.com,637
389,cmathanas@360.cn,735
390,bscamadineat@canalblog.com,629
391,grayhillau@digg.com,548
392,lmcgorleyav@privacy.gov.au,887
393,aagottaw@skype.com,958
394,hkarpushkinax@goo.gl,637
395,sarkinay@cbc.ca,1048
396,bweddeburnscrimgeouraz@cmu.edu,500
397,kstoltingb0@tumblr.com,497
398,abenzab1@acquirethisname.com,883
399,tboaterb2@hubpages.com,634
400,smattekb3@state.tx.us,758
401,mvanichkinb4@google.com.br,1095
402,gvauterb5@tamu.edu,934
403,ksheppeyb6@skype.com,680
404,carbuckelb7@meetup.com,1039
405,cchengb8@shop-pro.jp,1099
406,oduberyb9@rediff.com,911
407,hrowntreeba@examiner.com,780
408,abielfeltbb@hexun.com,696
409,rlinnerbc@amazon.co.uk,702
410,jheitonbd@scribd.com,489
411,ljayesbe@blogtalkradio.com,1030
412,ntoopbf@list-manage.com,558
413,mstartbg@ed.gov,621
414,tinglefieldbh@fema.gov,940
415,abuffbi@blinklist.com,1086
416,jdoullbj@deviantart.com,580
417,dmabbettbk@prnewswire.com,474
418,brishmanbl@umich.edu,835
419,rbristobm@sogou.com,1079
420,afinessybn@ted.com,848
421,osladerbo@deviantart.com,728
422,rstofferbp@w3.org,910
423,adictebq@ovh.net,456
424,mlinsterbr@springer.com,524
425,cklassbs@lycos.com,639
426,bsatterleybt@gnu.org,985
427,geverittbu@slate.com,899
428,rcradockbv@chronoengine.com,713
429,hbrodwaybw@cocolog-nifty.com,784
430,abiskupskibx@nbcnews.com,680
431,bvenningby@people.com.cn,566
432,kbiffinbz@hp.com,697
433,gslemmingc0@reddit.com,904
434,tsaddc1@tuttocitta.it,918
435,mtregenzac2@un.org,588
436,wfrusherc3@google.com,920
437,kphysickc4@dailymotion.com,638
438,obrounsellc5@illinois.edu,876
439,slillistonec6@cafepress.com,933
440,veastcottc7@webmd.com,651
441,gradbonec8@dyndns.org,1043
442,alabeuilc9@yelp.com,1084
443,nivanenkovca@ifeng.com,595
444,vblachfordcb@furl.net,954
445,khaytercc@dell.com,1082
446,kpetrushkevichcd@ustream.tv,977
447,jcolebournece@t-online.de,960
448,egravenellcf@redcross.org,942
449,atrewarthacg@slashdot.org,1083
450,tmaccoughanch@ustream.tv,533
451,hboydeci@deliciousdays.com,881
452,bdashkovichcj@europa.eu,1078
453,selcouxck@dailymail.co.uk,561
454,mdroogancl@liveinternet.ru,615
455,jrowettcm@ifeng.com,866
456,cemettcn@moonfruit.com,753
457,cmosconico@reverbnation.com,563
458,arenvoisecp@wufoo.com,491
459,leidlercq@google.nl,494
460,awinspurrcr@opensource.org,654
461,epottellcs@ibm.com,588
462,bolenichevct@wikia.com,453
463,cgammoncu@cdc.gov,529
464,smuldercv@npr.org,461
465,cmassingercw@csmonitor.com,630
466,losancx@amazon.co.jp,740
467,lbuglasscy@bluehost.com,673
468,vemmcz@techcrunch.com,557
469,aherkessd0@blinklist.com,940
470,jgilardid1@dropbox.com,503
471,arainardd2@amazon.co.jp,780
472,vbouchierd3@edublogs.org,911
473,rtawtond4@jugem.jp,597
474,dolfertd5@bigcartel.com,904
475,jbattsd6@parallels.com,604
476,sjarroldd7@xinhuanet.com,923
477,mcastillod8@paypal.com,532
478,mdunged9@deviantart.com,828
479,acreamerda@google.co.jp,981
480,eskeatsdb@symantec.com,745
481,dsherringtondc@prweb.com,706
482,cwoodwarddd@vkontakte.ru,587
483,cdonizeaude@sina.com.cn,927
484,lcuninghamdf@huffingtonpost.com,546
485,vgiacobellidg@youtu.be,855
486,hwitcombedh@feedburner.com,1054
487,bindedi@w3.org,710
488,kcotteydj@hugedomains.com,484
489,hcheeldk@japanpost.jp,967
490,hbackmandl@nhs.uk,844
491,mwyllcockdm@home.pl,761
492,gswadlingedn@ning.com,584
493,lnewisdo@buzzfeed.com,721
494,eprugeldp@salon.com,1042
495,tossultondq@taobao.com,540
496,lpontindr@accuweather.com,1009
497,jcattonnetds@smh.com.au,1089
498,belsterdt@intel.com,1088
499,abrownsilldu@shinystat.com,1006
500,ckeelandv@latimes.com,458
501,prizzidw@parallels.com,616
502,ethornbarrowdx@edublogs.org,665
503,lgotherdy@theglobeandmail.com,867
504,ademainedz@un.org,853
505,smadocjonese0@newyorker.com,989
506,cbeningfielde1@nih.gov,500
507,jprendergraste2@alibaba.com,946
508,isatche3@jiathis.com,622
509,bdartnalle4@merriam-webster.com,834
510,amackenziee5@latimes.com,867
511,oeynalde6@tiny.cc,1026
512,kfantonettie7@blogtalkradio.com,1100
513,cyakobowitze8@paypal.com,1070
514,hpochone9@yahoo.co.jp,777
515,dcourteseea@miitbeian.gov.cn,473
516,gstearleyeb@ucsd.edu,612
517,crobersonec@independent.co.uk,729
518,abennened@smh.com.au,861
519,rarkilee@artisteer.com,715
520,santonopoulosef@mtv.com,1050
521,ckibbeeeg@hugedomains.com,930
522,pdutteridgeeh@whitehouse.gov,838
523,tmarmyonei@fema.gov,988
524,llanningej@hubpages.com,778
525,cericksonek@stanford.edu,1099
526,fhodgesel@slate.com,787
527,vblythinem@reuters.com,519
528,gmaysoren@dedecms.com,720
529,ratackeo@blinklist.com,891
530,qglasspooleep@springer.com,536
531,aedmonsoneq@nps.gov,592
532,zdenkeler@google.de,555
533,wyaknoves@addtoany.com,937
534,pspicket@furl.net,1034
535,mbilleeu@xrea.com,482
536,djanowskiev@yelp.com,1030
537,ccarlileew@blogspot.com,971
538,chousemanex@tuttocitta.it,601
539,lgaitungey@ocn.ne.jp,517
540,lshipstonez@army.mil,1093
541,gisackef0@people.com.cn,877
542,tdanigelf1@pinterest.com,1065
543,jhungerfordf2@indiegogo.com,757
544,rphinnessyf3@cafepress.com,534
545,rtinerf4@sbwire.com,829
546,gdrowsfieldf5@alexa.com,519
547,mbilsborrowf6@mapy.cz,755
548,rconsidinef7@fc2.com,843
549,tgaydonf8@nytimes.com,850
550,mlarderf9@sbwire.com,665
551,lwroughtonfa@liveinternet.ru,700
552,mpaskinsfb@ebay.co.uk,457
553,bbraunsteinfc@mediafire.com,733
554,slambornfd@ebay.co.uk,702
555,gomahoneyfe@bbc.co.uk,626
556,apeekevoutff@mysql.com,1034
557,dscholardfg@clickbank.net,823
558,gmathelonfh@gmpg.org,841
559,spoulsonfi@mapquest.com,469
560,cpoundfordfj@discuz.net,636
561,goliphandfk@google.cn,938
562,utoghillfl@indiatimes.com,539
563,jurlinfm@slideshare.net,487
564,wmeadersfn@nature.com,1089
565,abeerefo@myspace.com,1082
566,msteedmanfp@go.com,1062
567,ctyronefq@toplist.cz,879
568,estanbrafr@merriam-webster.com,1066
569,mdengatefs@geocities.jp,777
570,bravilusft@ca.gov,772
571,pritchfu@wix.com,1067
572,babelefv@jigsy.com,577
573,abaldenfw@cnn.com,506
574,hpiertonfx@dmoz.org,465
575,fstuchburyfy@joomla.org,1018
576,cduhamelfz@discuz.net,1073
577,hmaffinig0@alibaba.com,652
578,sseldnerg1@weather.com,582
579,mbradforthg2@gnu.org,899
580,vempsong3@google.ca,917
581,mmilmoreg4@imgur.com,543
582,jdoerrlingg5@clickbank.net,986
583,gcristofarog6@usnews.com,1061
584,nbarcroftg7@typepad.com,682
585,rchannong8@bbc.co.uk,688
586,tcoalburng9@wordpress.org,732
587,pkillingworthga@paypal.com,599
588,cmessergb@illinois.edu,1060
589,ibrillgc@prlog.org,1034
590,sbrauntergd@last.fm,763
591,gblaxlandge@goo.ne.jp,520
592,bdobbsongf@people.com.cn,886
593,etripetgg@whitehouse.gov,500
594,agajownikgh@gnu.org,489
595,ecattonnetgi@etsy.com,907
596,bdonlongj@usda.gov,758
597,mrycegk@nytimes.com,652
598,asaltsbergergl@sciencedirect.com,599
599,kgethengm@hostgator.com,1001
600,dpelosign@businessinsider.com,1070
601,fnarrawaygo@freewebs.com,1083
602,agricksgp@domainmarket.com,943
603,speasbygq@about.com,935
604,aargentgr@sun.com,708
605,akattegs@bigcartel.com,1084
606,hdrenggt@youtube.com,563
607,gwoodusgu@google.co.uk,953
608,gbensengv@who.int,622
609,vhoudhurygw@apple.com,873
610,mcoulstongx@dyndns.org,568
611,cgethinggy@soundcloud.com,521
612,lwiddisongz@wikimedia.org,1093
613,cbrandih0@mlb.com,823
614,lmacguiganh1@smh.com.au,743
615,lcherretth2@acquirethisname.com,939
616,blandsboroughh3@princeton.edu,661
617,pcherretth4@gmpg.org,843
618,solageneh5@wikimedia.org,974
619,gsmallh6@craigslist.org,610
620,dbotth7@seattletimes.com,480
621,lemonsh8@over-blog.com,521
622,tebih9@statcounter.com,598
623,rmclernonha@printfriendly.com,785
624,sovetthb@berkeley.edu,897
625,mgalierhc@weather.com,985
626,rcailhd@bloglines.com,481
627,clivermorehe@yelp.com,841
628,cmcswanhf@nifty.com,597
629,nnaultyhg@networksolutions.com,530
630,kstyanhh@ca.gov,573
631,ezavatterohi@forbes.com,1043
632,dedserhj@loc.gov,725
633,rcarinehk@springer.com,517
634,emarquesshl@businessinsider.com,1017
635,jkightlyhm@mayoclinic.com,558
636,mtilbeyhn@indiatimes.com,491
637,csaveallho@jalbum.net,953
638,jpfefflehp@pinterest.com,657
639,eyeldhamhq@ebay.co.uk,516
640,mlardezhr@nymag.com,515
641,phuglandhs@vk.com,771
642,jpendergastht@uol.com.br,707
643,jyukhinhu@cbsnews.com,539
644,mmacgauhyhv@wired.com,1002
645,llishw@cisco.com,1097
646,pkittoehx@vistaprint.com,485
647,gbembridgehy@artisteer.com,1097
648,emacanultyhz@redcross.org,542
649,zjancai0@digg.com,574
650,taberkirderi1@spotify.com,866
651,anorvillei2@home.pl,614
652,cpici3@pinterest.com,827
653,vwiddocksi4@tmall.com,639
654,sgatei5@sciencedirect.com,994
655,mcornelyi6@dell.com,826
656,vpainei7@symantec.com,500
657,nsangari8@sakura.ne.jp,954
658,fpessleri9@goodreads.com,607
659,fgardenia@fotki.com,580
660,abossinghamib@icq.com,601
661,cneagleic@soundcloud.com,466
662,puridgeid@tiny.cc,950
663,clinehamie@mayoclinic.com,554
664,tdjuricicif@washington.edu,823
665,mgeydonig@hostgator.com,604
666,jritmeyerih@indiegogo.com,575
667,mfriddii@state.gov,1030
668,lmurtij@fc2.com,1021
669,dcobboldik@chicagotribune.com,743
670,rsivilil@myspace.com,692
671,wmackenzieim@dyndns.org,769
672,olouthein@xrea.com,464
673,gcoughlanio@vk.com,952
674,cbothwellip@cdbaby.com,1043
675,ljurkiewicziq@hibu.com,546
676,ajellimanir@tiny.cc,607
677,fbuckleeis@upenn.edu,1039
678,csprottit@netvibes.com,572
679,handrioniiu@statcounter.com,684
680,rsimondiv@list-manage.com,485
681,dpaysiw@harvard.edu,1011
682,ltwelvesix@cpanel.net,652
683,rstigglesiy@sfgate.com,998
684,ekarpiz@a8.net,755
685,mforcadej0@feedburner.com,966
686,kklinckj1@bbb.org,922
687,bmackledenj2@cyberchimps.com,477
688,breglarj3@shinystat.com,561
689,dwarretj4@posterous.com,509
690,cpiddletownj5@princeton.edu,647
691,oallotj6@studiopress.com,539
692,hbeadlej7@prweb.com,553
693,rsotheronj8@nbcnews.com,707
694,cwestmacottj9@mysql.com,896
695,aphareja@businessinsider.com,552
696,tgilloppjb@jigsy.com,1034
697,skapelhoffjc@gmpg.org,997
698,bmongeotjd@usatoday.com,886
699,bnutbeamje@ning.com,636
700,mbentalljf@msu.edu,778
701,osextenjg@salon.com,701
702,gbowderyjh@google.es,909
703,pweskerji@google.co.uk,875
704,bpinkardjj@uiuc.edu,523
705,bmcjarrowjk@cdc.gov,945
706,mpietruszkajl@miibeian.gov.cn,513
707,esleightholmejm@senate.gov,812
708,kjeffreysjn@mediafire.com,776
709,sferrandjo@github.io,541
710,pmordyjp@netvibes.com,458
711,orubbertsjq@mapquest.com,1042
712,pdawsjr@hatena.ne.jp,1022
713,gholbornjs@qq.com,746
714,tmidgleyjt@artisteer.com,491
715,ghumpheryju@microsoft.com,483
716,ofriesejv@tamu.edu,627
717,rglassjw@bravesites.com,474
718,ggillandersjx@adobe.com,459
719,ckingtonjy@qq.com,1003
720,bsafontjz@businessweek.com,926
721,cchancelierk0@google.es,612
722,lscocroftk1@exblog.jp,1079
723,kmiskink2@hp.com,520
724,mchoudhuryk3@goodreads.com,936
725,lganterk4@hibu.com,518
726,dsloperk5@hhs.gov,463
727,ikeyselk6@senate.gov,885
728,dfeorek7@sitemeter.com,767
729,mclacksonk8@biblegateway.com,800
730,ddallimorek9@wix.com,480
731,bmacchaellka@istockphoto.com,788
732,rcarlozzikb@symantec.com,500
733,mmundaykc@usnews.com,695
734,ihutsonkd@ustream.tv,813
735,awattinghamke@zdnet.com,789
736,jroughleykf@virginia.edu,510
737,lpurrierkg@google.com.au,689
738,dguilletkh@studiopress.com,712
739,ehewki@shareasale.com,836
740,jwinterbottomkj@flickr.com,983
741,dweskerkk@disqus.com,509
742,bosbournekl@livejournal.com,836
743,edelaceykm@biblegateway.com,1002
744,eperkiskn@bizjournals.com,729
745,tsunleyko@time.com,719
746,kfraniakkp@omniture.com,893
747,lbenedidickkq@vk.com,959
748,npeltzerkr@ask.com,654
749,fbaffks@posterous.com,899
750,sretterkt@wufoo.com,972
751,tasserku@chron.com,681
752,ccharerkv@printfriendly.com,1010
753,ealliottkw@yolasite.com,936
754,vszymczykkx@usa.gov,554
755,dgopsellky@360.cn,459
756,ubrummittkz@gizmodo.com,757
757,acastagneril0@wsj.com,818
758,uhanssmannl1@scientificamerican.com,700
759,gberardtl2@springer.com,820
760,dwildinl3@biglobe.ne.jp,764
761,gmarrablel4@devhub.com,510
762,hboggsl5@com.com,671
763,slovegrovel6@arizona.edu,480
764,tsommervillel7@liveinternet.ru,462
765,tburchattl8@deliciousdays.com,581
766,gmiddlemistl9@weebly.com,961
767,wwitardla@ftc.gov,696
768,lschiesterllb@twitpic.com,709
769,mgreswelllc@google.ru,679
770,sspillingld@hud.gov,804
771,aheinele@opera.com,992
772,aguidettilf@shop-pro.jp,517
773,aphysicklg@adobe.com,834
774,snosworthylh@about.me,662
775,opottieli@altervista.org,754
776,jlynnittlj@dropbox.com,913
777,breddelllk@engadget.com,1054
778,sbagniukll@nba.com,462
779,zbroadfieldlm@sourceforge.net,632
780,esmelleyln@columbia.edu,971
781,jlipscombelo@istockphoto.com,481
782,tbeebelp@51.la,579
783,renneverlq@fotki.com,703
784,mbremenlr@slate.com,888
785,ecocklinls@barnesandnoble.com,487
786,pthomtsonlt@reddit.com,564
787,bvedeneevlu@cdbaby.com,850
788,kweatherburnlv@psu.edu,873
789,nacumlw@home.pl,1012
790,mingleselx@nydailynews.com,575
791,wbartellily@a8.net,680
792,koakmanlz@mac.com,803
793,pgodsalm0@cafepress.com,934
794,tmcrillm1@independent.co.uk,915
795,pbrunelm2@walmart.com,808
796,lachrameevm3@virginia.edu,993
797,mcastrom4@scientificamerican.com,544
798,sambersonm5@nps.gov,612
799,mdrucem6@ftc.gov,765
800,fstrandm7@creativecommons.org,846
801,fcoginm8@cdc.gov,676
802,esellm9@hubpages.com,901
803,areddingtonma@columbia.edu,520
804,bsherrummb@macromedia.com,663
805,smcmakinmc@dot.gov,954
806,jbartalotmd@vistaprint.com,605
807,athorburnme@networkadvertising.org,638
808,khierromf@mediafire.com,750
809,awrittlemg@comcast.net,450
810,chardacremh@vk.com,873
811,ljennemi@reverbnation.com,531
812,bcastellomj@livejournal.com,1013
813,greynoldsonmk@woothemes.com,677
814,rbriscoml@pen.io,827
815,sleybornemm@delicious.com,805
816,gwynrahamemn@mapy.cz,710
817,mgoodallmo@vk.com,628
818,npoultermp@berkeley.edu,468
819,lmccardlemq@joomla.org,756
820,nstovenmr@mapquest.com,754
821,geisikowitchms@va.gov,572
822,mslowleymt@miitbeian.gov.cn,538
823,hgrishanovmu@desdev.cn,849
824,alamsheadmv@tmall.com,513
825,ccodlinmw@intel.com,482
826,ssaladinomx@tumblr.com,776
827,kpollastronemy@rambler.ru,835
828,hcarlessmz@gov.uk,544
829,cdahlborgn0@homestead.com,1080
830,ftatemn1@google.pl,509
831,oolyhanen2@about.com,503
832,cdehooghn3@spotify.com,549
833,nodonohuen4@examiner.com,570
834,mcrosslandn5@usda.gov,621
835,cmatuszinskin6@sun.com,596
836,plarchern7@si.edu,871
837,ghaylorn8@jalbum.net,528
838,ciacovaccin9@discuz.net,625
839,nmckleodna@discovery.com,506
840,aitshaknb@umich.edu,713
841,sfilipovicnc@is.gd,460
842,emackrellnd@google.co.uk,796
843,smasedonne@nature.com,861
844,aadamnf@nba.com,684
845,pfinlowng@wikispaces.com,1048
846,jhalegarthnh@businessinsider.com,747
847,ebauckhamni@statcounter.com,895
848,lbaylienj@gnu.org,750
849,aoldreynk@un.org,788
850,xbackesnl@csmonitor.com,688
851,fgianasinm@shutterfly.com,563
852,gspinasnn@techcrunch.com,469
853,krivilisno@bandcamp.com,583
854,psharplingnp@taobao.com,569
855,nschrodernq@ucoz.ru,626
856,rmouldnr@unicef.org,875
857,nmossns@nhs.uk,877
858,csellicknt@fastcompany.com,549
859,gantwisnu@github.com,461
860,eskirvingnv@npr.org,679
861,btravesnw@ameblo.jp,472
862,cpapaminasnx@google.es,909
863,lbowleyny@nps.gov,741
864,karmandnz@rakuten.co.jp,944
865,amullingero0@discovery.com,921
866,rdobkino1@buzzfeed.com,731
867,drushmareo2@jugem.jp,552
868,jmeharryo3@wordpress.com,488
869,hdelytho4@goodreads.com,628
870,teusticeo5@nps.gov,1100
871,ocoghlano6@google.com,684
872,twildero7@smugmug.com,830
873,tborhamo8@squidoo.com,743
874,ddoranto9@vkontakte.ru,706
875,cklehynoa@businessweek.com,713
876,abillob@whitehouse.gov,490
877,lgildingoc@linkedin.com,470
878,mthompsonod@about.me,607
879,sglowachaoe@weibo.com,1081
880,fchaliceof@oaic.gov.au,950
881,kmalkinog@csmonitor.com,1023
882,gsennettoh@devhub.com,637
883,mmelleroi@gnu.org,898
884,eyouthedoj@eepurl.com,498
885,rbreedyok@spotify.com,995
886,seagletonol@ovh.net,544
887,ncornewallom@europa.eu,900
888,watteron@usa.gov,942
889,asalernooo@cmu.edu,762
890,kiddonop@amazonaws.com,923
891,gallportoq@netlog.com,963
892,efurnivalor@berkeley.edu,452
893,cglasebrookos@buzzfeed.com,795
894,hbaccusot@ca.gov,880
895,hterronou@slate.com,807
896,lbeahanov@cpanel.net,671
897,gfiellerow@pbs.org,733
898,locahillox@psu.edu,1029
899,kcapozzioy@live.com,829
900,tschulzoz@sakura.ne.jp,590
901,bbrabhamp0@wikia.com,517
902,ysimnelp1@livejournal.com,939
903,cfarrimondp2@cisco.com,713
904,vsudyp3@ustream.tv,525
905,jovendalep4@vimeo.com,749
906,kdebeauchampp5@go.com,1058
907,dmacsweenp6@about.me,506
908,ftrinkep7@mozilla.com,582
909,hcaskeyp8@cornell.edu,1034
910,mbusseyp9@oracle.com,680
911,gkingswoldpa@plala.or.jp,1039
912,dgoodierpb@ucsd.edu,546
913,scundeypc@foxnews.com,882
914,lsouthernpd@google.es,841
915,vbeardowpe@webmd.com,655
916,npedrocchipf@cbsnews.com,922
917,gheddonpg@cafepress.com,496
918,bbroadbearph@ning.com,648
919,mgiacovellipi@state.gov,871
920,abartolommeopj@1und1.de,1015
921,edunderdalepk@rediff.com,1047
922,qheatlypl@issuu.com,605
923,tramepm@tripod.com,465
924,namirandapn@noaa.gov,603
925,cburkartpo@nationalgeographic.com,809
926,rgavrielpp@nhs.uk,859
927,tlidgeypq@google.com.br,999
928,sbuscombepr@fastcompany.com,826
929,aedgesonps@purevolume.com,703
930,sfrottonpt@psu.edu,661
931,gmetherellpu@pinterest.com,711
932,ldemeltpv@youtu.be,1060
933,nbartozzipw@adobe.com,792
934,dkintishpx@redcross.org,812
935,akilbridepy@github.com,474
936,jbriertonpz@instagram.com,769
937,ekikeq0@hibu.com,1040
938,klutenq1@businessinsider.com,825
939,draffanq2@google.es,631
940,bhensq3@myspace.com,473
941,htreeceq4@list-manage.com,904
942,ymadreq5@amazon.de,628
943,shedgecockq6@last.fm,516
944,tgodthaabq7@reddit.com,700
945,acuffq8@pbs.org,867
946,cpaoliq9@mashable.com,614
947,lguentherqa@i2i.jp,673
948,wbadsworthqb@typepad.com,469
949,klukasenqc@macromedia.com,905
950,slongstreethqd@biblegateway.com,752
951,starbetqe@cnn.com,867
952,llapidusqf@nhs.uk,854
953,msheriffqg@narod.ru,1075
954,aknipeqh@dyndns.org,997
955,klernerqi@prweb.com,697
956,icooplandqj@netvibes.com,701
957,mgoodsallqk@ovh.net,857
958,mbeesonql@gmpg.org,1016
959,vhanscombeqm@netvibes.com,461
960,awitherdenqn@nymag.com,599
961,dogersqo@utexas.edu,975
962,mbreinleinqp@google.cn,1019
963,ilurrimanqq@yahoo.com,452
964,athickinqr@wunderground.com,832
965,dbeaumentqs@vkontakte.ru,1054
966,hratnegeqt@vimeo.com,899
967,hdundonqu@ca.gov,932
968,ncousheqv@mysql.com,992
969,tbennedsenqw@canalblog.com,585
970,gcurneenqx@ameblo.jp,569
971,mcostardqy@a8.net,868
972,gsmailsqz@gravatar.com,699
973,epentecustr0@multiply.com,516
974,kriccioppor1@issuu.com,692
975,gsavinr2@reuters.com,915
976,fmolandr3@biglobe.ne.jp,540
977,aleathemr4@drupal.org,603
978,mmockesr5@columbia.edu,465
979,mdrinkhillr6@discuz.net,672
980,zkyteleyr7@omniture.com,471
981,kguestr8@patch.com,768
982,hgreiswoodr9@who.int,539
983,cblagdonra@furl.net,709
984,kmclellanrb@weather.com,1076
985,vchappelrc@redcross.org,1043
986,eraggattrd@zdnet.com,924
987,gsewartre@slashdot.org,1011
988,lchetwyndrf@yellowbook.com,763
989,hsmorthitrg@is.gd,511
990,frapaportrh@hostgator.com,972
991,spottleri@instagram.com,821
992,dtullethrj@feedburner.com,566
993,ppimlottrk@goo.ne.jp,760
994,smcneelyrl@microsoft.com,1027
995,nyardyrm@goo.gl,960
996,abroadhurstrn@parallels.com,456
997,aholleworthro@examiner.com,866
998,rbothwellrp@yale.edu,681
999,nbartellirq@latimes.com,1037
1000,aissitrr@nydailynews.com,621
